{
    "item": {
        "id": "item",
        "display": "\u0026aItem",
        "head": {
            "x": 0.0,
            "y": 1.7453293348930207E-5,
            "z": 0.0
        },
        "torso": {
            "x": 0.0,
            "y": 1.7453293348930207E-5,
            "z": 0.0
        },
        "leftarm": {
            "x": 0.0,
            "y": 0.0,
            "z": 0.0
        },
        "rightarm": {
            "x": -1.5707963267948966,
            "y": 0.0,
            "z": 0.0
        },
        "leftleg": {
            "x": 0.0,
            "y": 0.0,
            "z": 0.0
        },
        "rightleg": {
            "x": 0.0,
            "y": 0.0,
            "z": 0.0
        }
    },
    "death": {
        "id": "death",
        "display": "\u0026aDeath",
        "head": {
            "x": -1.4835298641951802,
            "y": 0.0,
            "z": 0.0
        },
        "torso": {
            "x": -1.5707963267948966,
            "y": 0.0,
            "z": 0.0
        },
        "leftarm": {
            "x": -1.5707963267948966,
            "y": -0.17453292519943295,
            "z": 0.0
        },
        "rightarm": {
            "x": -1.5707963267948966,
            "y": 0.17453292519943295,
            "z": 0.0
        },
        "leftleg": {
            "x": 0.0,
            "y": 0.0,
            "z": 0.0
        },
        "rightleg": {
            "x": 0.0,
            "y": 0.0,
            "z": 0.0
        }
    },
    "winning": {
        "id": "winning",
        "display": "\u0026aWinning",
        "head": {
            "x": -0.2617993877991494,
            "y": 0.0,
            "z": 0.0
        },
        "torso": {
            "x": 0.0,
            "y": 1.7453293348930207E-5,
            "z": 0.0
        },
        "leftarm": {
            "x": 0.17453292519943295,
            "y": 0.0,
            "z": -0.17453292519943295
        },
        "rightarm": {
            "x": -2.0943951023931953,
            "y": -0.17453292519943295,
            "z": 0.0
        },
        "leftleg": {
            "x": 0.2617993877991494,
            "y": 0.0,
            "z": 0.0
        },
        "rightleg": {
            "x": 0.0,
            "y": 0.0,
            "z": 0.0
        }
    },
    "lazing": {
        "id": "lazing",
        "display": "\u0026aLazing",
        "head": {
            "x": 0.24434609527920614,
            "y": -0.20943951023931956,
            "z": 0.10471975511965978
        },
        "torso": {
            "x": 0.08726646259971647,
            "y": 0.0,
            "z": 0.0
        },
        "leftarm": {
            "x": -0.06981317007977318,
            "y": -0.3490658503988659,
            "z": -0.17453292519943295
        },
        "rightarm": {
            "x": -0.6981317007977318,
            "y": 0.3490658503988659,
            "z": 0.0
        },
        "leftleg": {
            "x": -1.53588974175501,
            "y": 0.8028514559173916,
            "z": 0.0
        },
        "rightleg": {
            "x": -1.53588974175501,
            "y": 1.239183768915974,
            "z": 0.0
        }
    },
    "confident": {
        "id": "confident",
        "display": "\u0026aConfident",
        "head": {
            "x": -0.17453292519943295,
            "y": 0.3490658503988659,
            "z": 0.0
        },
        "torso": {
            "x": -0.03490658503988659,
            "y": 0.0,
            "z": 0.0
        },
        "leftarm": {
            "x": 0.08726646259971647,
            "y": 0.0,
            "z": 0.0
        },
        "rightarm": {
            "x": 0.08726646259971647,
            "y": 0.0,
            "z": 0.0
        },
        "leftleg": {
            "x": 0.0,
            "y": -0.17453292519943295,
            "z": -0.06981317007977318
        },
        "rightleg": {
            "x": 0.2792526803190927,
            "y": 0.03490658503988659,
            "z": 0.17453292519943295
        }
    },
    "facepalm": {
        "id": "facepalm",
        "display": "\u0026aFacepalm",
        "head": {
            "x": 0.7853981633974483,
            "y": -0.06981317007977318,
            "z": 0.017453292519943295
        },
        "torso": {
            "x": 0.17453292519943295,
            "y": 0.0,
            "z": 0.0
        },
        "leftarm": {
            "x": -1.2566370614359172,
            "y": 0.4188790204786391,
            "z": 0.8203047484373349
        },
        "rightarm": {
            "x": 0.3141592653589793,
            "y": -0.24434609527920614,
            "z": 0.0
        },
        "leftleg": {
            "x": -0.06981317007977318,
            "y": -0.10471975511965978,
            "z": -0.03490658503988659
        },
        "rightleg": {
            "x": 0.4363323129985824,
            "y": -0.03490658503988659,
            "z": 0.0
        }
    },
    "salute": {
        "id": "salute",
        "display": "\u0026aSalute",
        "head": {
            "x": 0.0,
            "y": 1.7453293348930207E-5,
            "z": 0.0
        },
        "torso": {
            "x": 0.08726646259971647,
            "y": 0.0,
            "z": 0.0
        },
        "leftarm": {
            "x": 0.5061454830783556,
            "y": 0.0,
            "z": 0.4363323129985824
        },
        "rightarm": {
            "x": -2.1642082724729685,
            "y": -0.8901179185171081,
            "z": -0.6108652381980153
        },
        "leftleg": {
            "x": 0.0,
            "y": 0.06981317007977318,
            "z": 0.03490658503988659
        },
        "rightleg": {
            "x": 0.0,
            "y": -0.06981317007977318,
            "z": -0.03490658503988659
        }
    },
    "joyous": {
        "id": "joyous",
        "display": "\u0026aJoyous",
        "head": {
            "x": -0.19198621771937624,
            "y": 0.0,
            "z": 0.0
        },
        "torso": {
            "x": -0.06981317007977318,
            "y": 0.0,
            "z": 0.0
        },
        "leftarm": {
            "x": 0.0,
            "y": 0.0,
            "z": -1.7453292519943295
        },
        "rightarm": {
            "x": 0.0,
            "y": 0.0,
            "z": 1.7453292519943295
        },
        "leftleg": {
            "x": -0.13962634015954636,
            "y": 0.0,
            "z": -1.0471975511965976
        },
        "rightleg": {
            "x": -0.13962634015954636,
            "y": 0.0,
            "z": 1.0471975511965976
        }
    },
    "running": {
        "id": "running",
        "display": "\u0026aRunning",
        "head": {
            "x": 0.0,
            "y": 1.7453293348930207E-5,
            "z": 0.0
        },
        "torso": {
            "x": 0.0,
            "y": 1.7453293348930207E-5,
            "z": 0.0
        },
        "leftarm": {
            "x": 0.6981317007977318,
            "y": 0.0,
            "z": -0.17453292519943295
        },
        "rightarm": {
            "x": -0.6981317007977318,
            "y": 0.0,
            "z": 0.17453292519943295
        },
        "leftleg": {
            "x": -0.6981317007977318,
            "y": 0.0,
            "z": 0.0
        },
        "rightleg": {
            "x": 0.6981317007977318,
            "y": 0.0,
            "z": 0.0
        }
    },
    "confused": {
        "id": "confused",
        "display": "\u0026aConfused",
        "head": {
            "x": 0.0,
            "y": 0.5235987755982988,
            "z": 0.0
        },
        "torso": {
            "x": 0.0,
            "y": 0.22689280275926285,
            "z": 0.0
        },
        "leftarm": {
            "x": 2.530727415391778,
            "y": 0.3839724354387525,
            "z": -0.8552113334772214
        },
        "rightarm": {
            "x": -0.3839724354387525,
            "y": 0.5410520681182421,
            "z": 0.17453292519943295
        },
        "leftleg": {
            "x": -0.10471975511965978,
            "y": 0.0,
            "z": 0.0
        },